dsr1,dr1r2,Pr2,msr1,msr2,mr1d,mr2d,mr1r2,zeta,minPr1,minDsr2
0.27692,0.33232,0.097132,2,2,1,3,1,0.41173,0.9998,0.021
0.38156,0.83586,0.7952,3,1,3,1,2,0.093436,0.012,0.264
0.27603,0.77579,0.6551,2,2,2,3,3,0.081306,0.9998,0.04
0.22381,0.82589,0.2551,1,2,3,2,2,0.25298,0.067,0.262
0.14929,0.48026,0.84072,3,3,3,2,1,0.12714,0.1836,0.196
0.25108,0.73123,0.47329,3,1,3,2,1,0.17583,0.1627,0.01
0.7572,0.82761,0.38045,3,2,2,3,1,0.28391,0.3805,0.047
0.12991,0.69818,0.46939,1,1,2,3,3,0.005951,0.9998,0.001
0.16565,0.72139,0.26297,2,1,3,1,2,0.32704,0.0142,0.265
0.91334,0.40666,0.82582,3,3,2,1,1,0.26917,0.001,0.9
0.0046342,0.84244,0.8173,3,1,2,1,3,0.43435,0.2089,0.061
0.91065,0.42729,0.2638,1,2,1,3,2,0.072769,0.9998,0.035
0.85303,0.73544,0.35095,1,3,2,2,1,0.25662,0.012,0.546
0.23995,0.59209,0.049654,2,1,1,1,1,0.45136,0.2254,0.128
0.36925,0.37784,0.78025,3,2,2,2,3,0.19487,0.9998,0.034
0.95613,0.70265,0.05978,1,2,1,1,3,0.11739,0.0043,0.9
0.64912,0.81221,0.64775,2,3,1,1,1,0.22546,0.2342,0.518
0.18351,0.55794,0.62562,2,1,3,1,3,0.39011,0.0197,0.118
0.44678,0.51444,0.50851,1,3,3,2,2,0.25539,0.0406,0.312
0.53283,0.54551,0.939,3,3,2,2,3,0.43797,0.3805,0.118
0.47092,0.46134,0.84431,2,2,2,1,1,0.097382,0.023,0.545
0.92338,0.60115,0.18482,1,1,1,2,1,0.45244,0.9547,0.005
0.5949,0.48355,0.60284,3,2,1,1,2,0.35561,0.353,0.162
0.50786,0.35986,0.26248,1,1,1,1,2,0.40051,0.9998,0.015
0.23728,0.62119,0.96309,1,3,3,2,2,0.2734,0.1462,0.215
0.39552,0.55721,0.98798,2,1,2,2,3,0.018869,0.9998,0.004
0.33536,0.77581,0.13655,3,3,3,1,1,0.36061,0.0142,0.9
0.90372,0.92365,0.33416,1,2,2,3,3,0.34937,0.0197,0.143
0.90472,0.72691,0.61767,1,1,3,2,2,0.42972,0.001,0.026
0.028674,0.64293,0.16793,3,2,1,1,3,0.48934,0.9998,0.169
0.042431,0.35001,0.52165,3,2,2,1,3,0.048365,0.0912,0.407
0.51859,0.98108,0.64899,3,3,3,1,2,0.40017,0.012,0.9
0.17339,0.57366,0.83138,2,2,3,1,1,0.40168,0.0197,0.441
0.62797,0.50439,0.43165,1,2,2,2,2,0.0077436,0.1209,0.329
0.48969,0.53765,0.95163,3,1,1,2,1,0.46017,0.9998,0.001
0.94274,0.59242,0.98305,1,3,1,2,2,0.15073,0.9525,0.137
0.17813,0.38961,0.99908,3,2,2,3,2,0.085561,0.9998,0.014
0.36892,0.62251,0.98164,1,2,3,3,1,0.078202,0.9206,0.024
0.48202,0.38443,0.58951,3,2,2,1,2,0.11309,0.0175,0.53
0.26528,0.87706,0.98266,2,2,1,1,2,0.36512,0.9998,0.192
0.81776,0.48251,0.59436,2,2,1,3,3,0.011256,0.9998,0.052
0.094229,0.71897,0.47092,2,1,1,1,2,0.34797,0.9998,0.034
0.53086,0.75811,0.40762,3,2,1,1,1,0.40999,0.2936,0.27
0.61096,0.84516,0.42345,3,3,2,1,1,0.045412,0.0582,0.9
0.45742,0.91276,0.51805,1,1,1,2,2,0.47181,0.9998,0.003
0.67181,0.7866,0.067993,2,3,1,3,1,0.1274,0.9998,0.204
0.67533,0.3047,0.60217,1,3,3,2,3,0.19339,0.0098,0.325
0.77016,0.52573,0.78474,3,1,2,2,2,0.23568,0.1792,0.003
0.34112,0.72517,0.19175,1,1,3,2,1,0.36921,0.0461,0.028
0.2875,0.36378,0.57621,1,3,1,3,1,0.34168,0.9998,0.031
0.63579,0.96162,0.20893,2,2,2,2,3,0.35464,0.0483,0.311
0.66194,0.8392,0.35022,1,1,2,2,2,0.331,0.1253,0.013
0.58225,0.67852,0.86994,2,3,3,1,2,0.13239,0.0109,0.9
0.63932,0.6813,0.64731,1,1,3,2,2,0.27194,0.0219,0.013
0.1097,0.34451,0.40458,3,2,3,1,1,0.22419,0.0186,0.389
0.97274,0.43442,0.13887,2,3,2,3,3,0.34813,0.001,0.461
0.39346,0.77,0.74126,1,2,2,3,2,0.26003,0.9998,0.023
0.75493,0.46995,0.4424,2,1,2,1,1,0.3439,0.0021,0.253
0.44231,0.3137,0.33086,2,3,2,3,3,0.21215,0.9998,0.044
0.39118,0.83838,0.39679,1,1,3,2,3,0.40426,0.0736,0.013
0.32757,0.76989,0.43864,3,2,1,3,3,0.41675,0.9998,0.025
0.88428,0.71162,0.15475,3,1,3,3,2,0.099931,0.0021,0.015
0.53406,0.36297,0.11171,2,3,3,3,1,0.068146,0.0406,0.274
0.054974,0.8955,0.56056,3,2,1,2,1,0.4648,0.9998,0.066
0.00052238,0.90581,0.61257,3,2,3,3,3,0.49498,0.9998,0.023
0.90085,0.70226,0.84518,2,2,3,1,2,0.36932,0.001,0.814
0.66094,0.81083,0.89075,2,1,2,1,2,0.49115,0.0076,0.187
0.12086,0.9039,0.4843,3,2,3,2,1,0.42243,0.1396,0.147
0.36241,0.33467,0.48957,1,2,2,1,2,0.096255,0.0274,0.45
0.6352,0.49731,0.5386,1,1,1,1,1,0.34758,0.9998,0.019
0.853,0.91175,0.27029,2,2,2,1,2,0.10423,0.0032,0.899
0.082071,0.374,0.14204,2,2,2,1,3,0.08323,0.0472,0.538
0.73784,0.34438,0.86044,2,2,1,3,3,0.4672,0.9998,0.006
0.39859,0.39375,0.03089,3,3,3,2,1,0.46957,0.0109,0.459
0.025228,0.88954,0.55903,1,1,1,2,2,0.42705,0.9998,0.003
0.33083,0.92894,0.11816,2,2,1,1,2,0.49421,0.2529,0.413
0.46484,0.83477,0.8182,2,3,3,1,2,0.050111,0.0329,0.9
0.17567,0.44626,0.90515,1,2,1,2,2,0.3377,0.9998,0.03
0.56186,0.42894,0.59721,2,3,1,3,3,0.14997,0.9998,0.057
0.053754,0.60921,0.013283,1,1,3,1,1,0.4486,0.0087,0.578
0.99539,0.53246,0.29735,1,1,1,2,1,0.031023,0.001,0.059
0.089892,0.3566,0.77724,1,1,2,3,2,0.45257,0.9998,0.001
0.74631,0.30724,0.048447,2,1,3,2,1,0.33396,0.001,0.143
0.28798,0.78477,0.55667,2,2,3,3,3,0.19826,0.6775,0.036
0.10481,0.38952,0.54954,1,3,2,2,3,0.24261,0.9998,0.086
0.088527,0.85885,0.94301,3,3,3,1,1,0.34186,0.0384,0.731
0.32881,0.75767,0.74913,1,3,1,1,2,0.29159,0.9998,0.293
0.086235,0.55651,0.3692,3,1,3,3,3,0.34251,0.9734,0.001
0.77193,0.44397,0.38827,2,3,2,1,1,0.27589,0.0032,0.876
0.10061,0.50585,0.23737,1,2,2,1,3,0.26544,0.0516,0.441
0.29157,0.72247,0.96442,1,2,1,1,3,0.21624,0.9998,0.199
0.93376,0.43122,0.26618,3,3,2,2,1,0.39892,0.001,0.6
0.67329,0.6007,0.45174,2,3,2,1,1,0.30493,0.0087,0.845
0.13015,0.36465,0.0078203,1,1,3,3,1,0.21155,0.0153,0.162
0.1265,0.39401,0.098594,2,3,2,1,2,0.071014,0.0527,0.747
0.25104,0.92505,0.70322,1,1,1,1,1,0.27787,0.9998,0.046
0.55779,0.5194,0.1662,1,1,1,3,3,0.31125,0.9998,0.001
0.6841,0.58167,0.98284,3,1,1,2,1,0.20109,0.9998,0.001
0.87111,0.54554,0.68554,2,1,2,1,3,0.14707,0.001,0.296
0.45259,0.59585,0.35961,2,3,2,2,1,0.27916,0.232,0.203
0.29019,0.52226,0.65369,3,2,2,1,1,0.47847,0.0406,0.312
0.74065,0.82058,0.10592,3,2,1,3,3,0.34078,0.9998,0.066
0.16357,0.76619,0.89439,2,1,1,3,1,0.25828,0.9998,0.001
0.036563,0.86644,0.74862,3,1,3,2,3,0.060094,0.5114,0.008
0.18074,0.47877,0.020536,2,1,2,2,2,0.46184,0.0472,0.1
0.57739,0.60802,0.25761,2,3,1,3,3,0.37597,0.9998,0.077
0.64206,0.59333,0.39076,1,1,3,3,3,0.40807,0.1176,0.001
0.63566,0.96563,0.44396,1,3,3,3,2,0.030009,0.1187,0.372
0.65245,0.72349,0.38725,3,2,2,3,1,0.071094,0.9998,0.049
0.84156,0.81396,0.57103,1,2,1,3,2,0.088428,0.9998,0.043
0.0875,0.74808,0.18062,3,1,3,1,2,0.022526,0.0252,0.444
0.02165,0.9374,0.80056,3,2,2,2,2,0.37292,0.9998,0.071
0.27507,0.47404,0.45164,3,2,2,2,2,0.11386,0.7633,0.074
0.80209,0.9924,0.066946,3,3,1,2,1,0.4697,0.2947,0.349
0.899,0.73816,0.13787,1,3,3,2,3,0.1089,0.001,0.786
0.35446,0.58744,0.98435,1,1,1,2,3,0.47279,0.9998,0.001
0.24417,0.50686,0.68018,3,3,3,2,2,0.26392,0.1121,0.21
0.58357,0.65827,0.082593,2,2,3,2,2,0.35979,0.0076,0.449
0.45469,0.5894,0.21773,3,2,3,2,3,0.062827,0.0263,0.386
0.84321,0.94563,0.77095,1,3,3,3,1,0.02133,0.0252,0.388
0.67303,0.63424,0.62372,2,3,3,1,1,0.11822,0.0065,0.9
0.18223,0.36937,0.48976,1,3,3,3,1,0.096623,0.8172,0.059
0.31194,0.42529,0.33896,3,1,1,2,3,0.10507,0.9998,0.003
0.054617,0.6509,0.43172,2,3,2,1,2,0.49878,0.0835,0.482
0.92736,0.94225,0.71357,3,2,3,1,2,0.30917,0.001,0.847
0.83315,0.5788,0.74982,2,3,1,3,2,0.41761,0.9998,0.046
0.61947,0.55245,0.75651,1,2,3,2,1,0.20695,0.0153,0.208
0.73907,0.96792,0.031923,2,3,3,1,3,0.17843,0.0065,0.9
0.59061,0.76231,0.047555,2,1,1,3,2,0.17439,0.9998,0.009
0.73105,0.39643,0.83672,2,1,3,3,1,0.069301,0.0736,0.001
0.87705,0.5472,0.44944,2,2,3,2,2,0.48177,0.001,0.355
0.67511,0.55272,0.62028,1,3,1,3,2,0.40558,0.9998,0.048
0.40349,0.38541,0.26844,1,1,3,2,1,0.12892,0.0505,0.014
0.094278,0.95103,0.39902,1,1,2,1,3,0.023701,0.1033,0.323
0.89363,0.33835,0.30366,2,3,3,2,3,0.023096,0.001,0.731
0.070684,0.94592,0.80037,1,3,3,3,2,0.14297,0.9998,0.115
0.47062,0.6925,0.26909,2,3,3,3,2,0.37451,0.1187,0.168
0.36246,0.85168,0.7803,2,2,1,1,2,0.33426,0.9998,0.202
0.9809,0.50063,0.80082,1,1,2,1,3,0.44806,0.001,0.228
0.57676,0.3181,0.44653,2,3,3,2,3,0.32315,0.0153,0.265
0.37253,0.71523,0.87255,2,2,3,3,3,0.46675,0.9239,0.015
0.66693,0.95361,0.81095,3,1,2,1,2,0.24227,0.0076,0.254
0.38888,0.61832,0.24669,3,2,3,3,3,0.39221,0.1737,0.054
0.89971,0.61528,0.20567,3,3,2,2,1,0.44983,0.0032,0.596
0.12281,0.58512,0.27529,3,3,1,3,2,0.35833,0.9998,0.071
0.69481,0.88406,0.60963,1,3,3,2,2,0.28737,0.0142,0.545
0.018613,0.77234,0.43851,1,2,3,3,3,0.21891,0.9998,0.034
0.37569,0.68259,0.56192,1,3,1,1,2,0.19791,0.925,0.325
0.40008,0.88231,0.13434,2,2,2,3,3,0.030233,0.9998,0.148
0.53991,0.36676,0.14651,1,1,1,1,1,0.31557,0.4289,0.036
0.51546,0.53148,0.43,3,3,2,3,2,0.2459,0.9998,0.064
0.39453,0.72943,0.81864,1,3,1,2,3,0.44312,0.9998,0.117
0.50384,0.72897,0.81942,3,1,1,3,2,0.26594,0.9998,0.001
0.69539,0.80412,0.3469,1,2,2,3,2,0.2585,0.6874,0.042
0.83627,0.81197,0.36003,2,1,2,3,2,0.22711,0.4267,0.001
0.94521,0.84896,0.70557,2,3,3,2,3,0.054667,0.001,0.685
0.83419,0.31095,0.86371,2,2,2,1,1,0.039035,0.0021,0.785
0.67117,0.71971,0.055976,3,2,1,2,1,0.028172,0.8601,0.325
0.52013,0.90471,0.097698,1,1,2,3,2,0.45403,0.9998,0.003
0.76668,0.8941,0.91682,1,2,1,2,1,0.49348,0.9998,0.053
0.76289,0.35807,0.6616,2,1,1,2,2,0.25849,0.9998,0.001
0.65591,0.61636,0.8397,1,3,2,2,3,0.26631,0.1385,0.233
0.86689,0.58474,0.11262,2,3,2,1,2,0.22192,0.0032,0.9
0.36045,0.39818,0.26013,1,2,3,2,2,0.043408,0.0384,0.278
0.49507,0.79449,0.24357,2,1,1,2,1,0.39254,0.9998,0.006
0.18918,0.39974,0.26808,1,2,1,1,1,0.087446,0.9998,0.175
0.48267,0.56321,0.52378,1,2,3,3,1,0.13244,0.2342,0.042
0.4306,0.97309,0.76241,1,2,1,1,3,0.0036743,0.9998,0.777
0.77237,0.45962,0.37086,3,3,2,2,1,0.44546,0.0197,0.285
0.9091,0.71412,0.33257,3,2,1,2,3,0.42653,0.5103,0.089
0.1793,0.53557,0.18771,2,3,1,2,3,0.16096,0.9998,0.179
0.2415,0.4702,0.15416,2,2,1,2,1,0.47821,0.9998,0.051
0.18879,0.30084,0.31642,3,3,3,1,2,0.34981,0.0131,0.497
0.76155,0.83369,0.57606,2,2,2,1,2,0.37383,0.0043,0.794
0.14785,0.43872,0.67227,2,1,2,2,1,0.21576,0.9998,0.001
0.94623,0.93451,0.39268,3,1,1,2,1,0.012428,0.4916,0.03
0.58247,0.78065,0.71943,3,3,3,1,2,0.32502,0.0076,0.9
0.97977,0.49938,0.59497,3,2,2,1,1,0.48108,0.001,0.752
0.27322,0.40636,0.39711,1,1,2,3,2,0.18736,0.9998,0.001
0.57326,0.85281,0.23537,1,2,1,2,1,0.22401,0.9998,0.117
0.83706,0.97975,0.84637,2,1,2,2,1,0.253,0.0406,0.012
0.60026,0.42082,0.090347,1,3,1,3,2,0.12763,0.9998,0.111
0.57605,0.86744,0.40384,3,3,3,3,1,0.49422,0.0912,0.165
0.55656,0.67055,0.82998,1,1,2,1,3,0.42938,0.0142,0.14
0.10974,0.48892,0.52464,3,1,2,3,1,0.48633,0.9998,0.001
0.63928,0.47876,0.088666,3,1,1,3,3,0.41913,0.9998,0.001
0.82773,0.43369,0.44253,2,3,1,2,1,0.19671,0.9998,0.098
0.67146,0.69969,0.16977,3,3,1,1,1,0.073828,0.1572,0.774
0.80506,0.61596,0.38265,2,3,2,1,1,0.39482,0.0032,0.9
0.65012,0.98239,0.075967,2,2,3,3,1,0.29351,0.0142,0.298
0.18657,0.8468,0.1958,2,1,1,3,3,0.49618,0.9998,0.001
0.35651,0.35127,0.59099,3,2,3,2,3,0.45509,0.0703,0.066
0.76367,0.69117,0.18384,1,2,3,1,3,0.24897,0.001,0.9
0.4035,0.95449,0.47948,2,3,3,3,3,0.1159,0.3277,0.212
0.96243,0.67455,0.96387,2,3,2,3,3,0.057813,0.0131,0.331
0.54055,0.60239,0.54267,1,1,2,2,3,0.35621,0.9998,0.002
0.36909,0.76324,0.16961,1,3,1,2,1,0.13939,0.9998,0.243
0.40397,0.42546,0.96892,1,1,1,3,2,0.20373,0.9998,0.001
0.46495,0.86978,0.89844,3,2,2,3,3,0.21462,0.9998,0.026
0.73496,0.96787,0.54281,2,2,3,3,2,0.27005,0.0307,0.112
0.0093325,0.94052,0.64274,1,1,1,1,2,0.00070953,0.9998,0.308
0.72708,0.54788,0.78045,1,1,2,1,1,0.21833,0.0032,0.231
0.24108,0.88896,0.85721,2,1,1,1,2,0.48181,0.9998,0.029
0.34757,0.62286,0.63932,2,1,1,2,3,0.45867,0.9998,0.001
0.39305,0.42528,0.63333,1,3,2,2,3,0.312,0.5873,0.099
0.23224,0.31654,0.60743,1,3,3,3,1,0.055405,0.8282,0.057
0.44094,0.96934,0.12403,2,3,2,2,1,0.23538,0.1484,0.456
0.13378,0.7797,0.90945,3,1,3,3,1,0.30543,0.9998,0.001
0.15572,0.8733,0.62492,3,1,3,2,2,0.36928,0.3948,0.004
0.74241,0.88179,0.1565,3,1,3,2,3,0.22865,0.0032,0.091
0.58275,0.89845,0.034866,2,3,3,3,2,0.44271,0.0208,0.499
0.60596,0.47814,0.32415,2,1,3,1,1,0.2009,0.0021,0.324
0.094629,0.52623,0.7696,2,2,2,1,1,0.11706,0.0934,0.393
0.30937,0.66612,0.3253,3,3,3,3,1,0.41592,0.3057,0.1
0.45643,0.5692,0.5386,3,2,1,3,1,0.49585,0.9998,0.013
0.75688,0.72139,0.85717,3,3,1,2,1,0.49414,0.9998,0.097
0.21928,0.52806,0.095949,3,2,1,2,1,0.37377,0.9998,0.078
0.95754,0.92498,0.3565,3,2,2,3,2,0.2732,0.0032,0.193
0.82239,0.31761,0.41443,2,2,3,3,1,0.3657,0.0076,0.059
0.1296,0.45755,0.35001,3,2,3,3,1,0.14354,0.8381,0.025
0.16756,0.65154,0.99933,3,1,2,1,3,0.1777,0.1242,0.078
0.93612,0.77823,0.96211,1,1,2,2,1,0.21899,0.0043,0.017
0.93247,0.83428,0.82645,3,1,2,3,1,0.28673,0.0681,0.001
0.82991,0.50332,0.40255,3,1,1,1,2,0.43103,0.0241,0.111
0.24895,0.63305,0.39908,2,3,1,3,3,0.29972,0.9998,0.076
0.43007,0.70057,0.70082,3,1,3,3,2,0.37123,0.3904,0.001
0.84972,0.49344,0.62232,3,2,2,3,2,0.29418,0.232,0.025
0.90467,0.91907,0.43899,3,1,2,2,1,0.39086,0.0043,0.033
0.1962,0.5127,0.48329,1,2,1,2,3,0.16891,0.9998,0.062
0.37547,0.98159,0.97231,3,3,1,1,3,0.32185,0.9998,0.366
0.93359,0.80424,0.48404,3,2,2,3,2,0.31952,0.0109,0.127
0.65886,0.93094,0.99538,3,1,2,3,2,0.32658,0.9998,0.001
0.74611,0.76376,0.52331,1,1,2,2,3,0.12995,0.0791,0.015
0.059031,0.92303,0.3302,3,2,1,3,2,0.11485,0.9998,0.061
0.27543,0.49727,0.88007,1,1,1,2,1,0.22217,0.9998,0.001
0.8486,0.33545,0.4662,3,2,3,1,3,0.16283,0.001,0.793
0.44843,0.3248,0.51381,2,1,2,2,2,0.20387,0.9998,0.001
0.70085,0.91056,0.052192,1,2,2,2,3,0.10984,0.0219,0.583
0.059095,0.81863,0.50679,2,3,3,2,2,0.099963,0.2221,0.38
0.017173,0.88034,0.62659,2,1,3,2,3,0.26937,0.6115,0.004
0.2943,0.42594,0.92629,2,3,1,3,1,0.03409,0.9998,0.075
0.81686,0.67025,0.69435,2,2,2,3,1,0.1062,0.4267,0.038
0.05734,0.74062,0.79618,2,3,3,2,1,0.3456,0.2408,0.192
0.20703,0.84252,0.91419,2,3,2,3,1,0.39128,0.9998,0.061
0.22781,0.52472,0.82956,1,1,3,3,1,0.41109,0.6038,0.001
0.44159,0.61235,0.46566,2,2,1,3,3,0.13952,0.9998,0.03
0.68964,0.39228,0.1235,3,3,3,3,1,0.095451,0.0153,0.332
0.92586,0.64485,0.65488,1,2,1,3,3,0.44506,0.9998,0.016
0.97301,0.55552,0.30915,2,1,3,1,1,0.060456,0.001,0.402
0.61529,0.70819,0.69825,3,1,1,3,2,0.014666,0.9998,0.001
0.24607,0.70704,0.93768,2,1,3,2,3,0.023894,0.2925,0.009
0.79625,0.7325,0.070214,1,1,3,2,1,0.034639,0.0021,0.179
0.10482,0.90085,0.6982,1,3,1,1,1,0.36687,0.9998,0.298
0.14782,0.31384,0.96429,2,2,1,2,1,0.48519,0.9998,0.015
0.55812,0.59945,0.26719,1,2,2,1,3,0.37687,0.0098,0.672
0.53316,0.96833,0.26775,3,3,2,3,1,0.12504,0.9998,0.163
0.63588,0.85886,0.5017,3,1,1,2,1,0.32541,0.9998,0.004
0.83784,0.94455,0.49823,3,1,2,1,2,0.13881,0.0021,0.343
0.11118,0.50815,0.39642,2,3,2,3,1,0.21038,0.9998,0.062
0.3065,0.37389,0.59383,1,3,1,2,1,0.14136,0.9998,0.089
0.042253,0.93331,0.13097,1,1,1,2,3,0.41686,0.9998,0.013
0.17357,0.70263,0.60622,3,3,1,2,2,0.10722,0.9998,0.201
0.034777,0.50498,0.80144,2,3,2,3,2,0.17325,0.9998,0.056
0.80452,0.87184,0.18947,1,2,2,3,2,0.061847,0.078,0.199
0.54452,0.72451,0.76044,3,2,1,3,2,0.42767,0.9998,0.016
0.37172,0.87975,0.17652,2,1,3,1,3,0.06476,0.0087,0.458
0.37984,0.98576,0.39899,3,1,3,3,2,0.22009,0.7072,0.001
0.31068,0.58621,0.70801,1,1,1,3,1,0.071819,0.9998,0.001
0.70004,0.45016,0.6799,3,1,2,1,3,0.27865,0.0043,0.181
0.48899,0.47917,0.92917,3,2,3,2,2,0.23338,0.0428,0.122
0.85625,0.70894,0.37358,1,2,3,2,1,0.11085,0.0021,0.438
0.84733,0.77592,0.13665,1,2,2,3,1,0.4292,0.0197,0.168
0.77149,0.83535,0.42107,1,2,2,1,1,0.028407,0.0098,0.882
0.91706,0.83074,0.88703,2,1,3,2,1,0.034399,0.001,0.022
0.4255,0.72787,0.85577,1,3,3,3,2,0.3354,0.474,0.08
0.88786,0.89006,0.8988,2,1,3,2,2,0.4695,0.001,0.019
0.022799,0.59686,0.34106,3,1,1,1,1,0.27068,0.9998,0.035
0.13812,0.65546,0.85666,3,1,2,3,2,0.19216,0.9998,0.001
0.083498,0.49588,0.44701,3,2,2,2,3,0.29379,0.9998,0.049
0.86083,0.62656,0.4981,3,2,2,3,2,0.24372,0.1033,0.054
0.8616,0.79821,0.87281,1,1,1,3,1,0.469,0.9998,0.001
0.48223,0.30987,0.62288,1,2,3,2,3,0.11555,0.034,0.129
0.24417,0.60027,0.010177,2,3,2,2,2,0.30441,0.0549,0.593
0.0089151,0.87044,0.1405,3,1,1,3,1,0.43993,0.9998,0.001
0.64803,0.60336,0.13976,1,2,2,2,3,0.37596,0.0263,0.278
0.03146,0.88478,0.83571,1,2,3,1,3,0.024929,0.0681,0.801
0.78962,0.85943,0.049565,2,3,1,3,2,0.1416,0.9998,0.25
0.29896,0.47928,0.88656,2,2,3,3,2,0.2234,0.9998,0.012
0.89994,0.66687,0.1202,3,1,3,1,3,0.088897,0.001,0.519
0.34287,0.74677,0.34301,3,3,1,3,3,0.10824,0.9998,0.137
0.092069,0.31682,0.49115,3,3,1,2,2,0.13913,0.9998,0.085
0.20368,0.76643,0.44307,2,1,1,2,3,0.21665,0.9998,0.004
0.94478,0.80013,0.67922,1,1,2,1,2,0.47969,0.001,0.283
0.98668,0.84054,0.47535,3,2,3,1,1,0.34045,0.001,0.86
0.47232,0.53336,0.97584,2,2,1,2,1,0.27772,0.9998,0.037
0.52395,0.94781,0.73902,3,2,2,3,3,0.28372,0.9998,0.028
0.47657,0.93832,0.014854,3,3,3,2,2,0.078347,0.034,0.848
0.10963,0.60644,0.28023,2,2,1,2,3,0.49262,0.9998,0.057
0.83701,0.88334,0.20372,2,1,1,2,3,0.27221,0.9998,0.01
0.076979,0.63195,0.83503,3,1,3,3,1,0.2347,0.9998,0.001
0.60295,0.48571,0.8648,2,2,1,1,3,0.029055,0.3805,0.384
0.89424,0.84485,0.069368,2,3,2,2,2,0.13939,0.0076,0.789
0.4794,0.92898,0.93471,2,3,2,1,2,0.40894,0.0373,0.769
0.0043351,0.87967,0.50744,3,3,3,1,2,0.18308,0.0571,0.847
0.068339,0.58687,0.12338,1,2,1,1,1,0.22151,0.7215,0.24
0.34857,0.32934,0.14234,3,2,1,2,3,0.038296,0.9998,0.105
0.62869,0.91443,0.66235,3,2,3,3,2,0.43771,0.1066,0.053
0.67116,0.75669,0.53105,2,1,1,3,1,0.35755,0.9998,0.001
0.11715,0.4683,0.68491,2,2,2,3,2,0.41963,0.9998,0.011
0.51004,0.64695,0.65137,3,1,3,2,2,0.37185,0.0681,0.006
0.17937,0.37655,0.90516,1,1,3,2,3,0.43818,0.5301,0.001
0.51101,0.91146,0.070221,3,3,1,2,3,0.49377,0.9998,0.241
0.013656,0.56184,0.92269,3,2,2,2,3,0.27324,0.9998,0.044
0.51356,0.99481,0.45584,2,2,1,3,3,0.21302,0.9998,0.044
0.82908,0.65831,0.55196,1,1,3,3,2,0.10664,0.0351,0.001
0.21966,0.5844,0.62991,2,1,1,3,2,0.27765,0.9998,0.001
0.15987,0.76679,0.01792,1,1,1,2,2,0.059838,0.9998,0.138
0.24288,0.88399,0.81359,3,3,1,2,3,0.31449,0.9998,0.165
0.63195,0.47029,0.57141,1,2,3,3,2,0.49086,0.1055,0.026
0.083986,0.47521,0.81135,3,1,3,2,3,0.042212,0.6643,0.003
0.35038,0.63495,0.5874,2,3,3,1,2,0.072903,0.0263,0.9
0.7831,0.77998,0.46622,3,2,1,2,3,0.13016,0.9998,0.11
0.79459,0.94807,0.17884,2,1,1,3,3,0.25877,0.9998,0.001
0.81763,0.72024,0.084997,2,3,2,2,3,0.46118,0.0087,0.637
0.2441,0.9191,0.71265,1,2,1,2,3,0.18907,0.9998,0.098
0.62028,0.82268,0.97726,1,1,3,1,3,0.19196,0.0032,0.255
0.56427,0.43117,0.53169,1,3,3,2,1,0.17752,0.0208,0.338
0.67811,0.33674,0.80117,1,3,2,3,1,0.33928,0.9998,0.025
0.31607,0.35424,0.85061,3,1,3,2,2,0.072263,0.3266,0.002
0.22653,0.5786,0.69657,2,2,3,2,3,0.03232,0.1275,0.223
0.98605,0.80273,0.41318,3,2,3,2,1,0.049315,0.001,0.445
0.4968,0.31569,0.053832,3,2,1,1,3,0.070437,0.0593,0.53
0.89765,0.502,0.26905,3,2,2,2,1,0.2971,0.0021,0.378
0.28284,0.44363,0.43913,2,2,2,3,2,0.013625,0.9998,0.052
0.86219,0.61005,0.54801,3,2,1,2,1,0.28343,0.9998,0.054
0.73826,0.3266,0.95424,3,2,1,2,1,0.37119,0.9998,0.019
0.99334,0.54969,0.75286,3,2,1,1,3,0.055024,0.001,0.857
0.45096,0.74805,0.13204,2,2,3,1,1,0.22641,0.0076,0.855
0.70058,0.46931,0.75983,2,3,1,2,3,0.14546,0.9998,0.118
0.29086,0.46976,0.93668,1,1,2,2,1,0.4301,0.9998,0.001
0.98974,0.42857,0.86166,2,2,2,2,1,0.016316,0.001,0.372
0.54327,0.47599,0.57857,1,3,2,1,3,0.45774,0.0131,0.64
0.75379,0.39236,0.35592,3,2,2,1,1,0.19794,0.0021,0.753
0.48838,0.81033,0.20262,3,1,3,1,1,0.10814,0.0054,0.433
0.19003,0.30126,0.71176,3,2,1,3,3,0.43386,0.9998,0.006
0.0075074,0.78225,0.94602,1,1,2,2,2,0.43677,0.9998,0.001
0.30081,0.8587,0.79564,1,2,1,2,2,0.39055,0.9998,0.063
0.11357,0.93901,0.48166,2,1,3,3,1,0.4259,0.9998,0.001
0.77723,0.65774,0.02775,3,1,1,1,2,0.49519,0.0043,0.56
0.75099,0.40746,0.35679,2,1,1,2,2,0.071975,0.9998,0.004
0.49741,0.67649,0.87091,3,2,1,1,3,0.36142,0.9987,0.152
0.80857,0.98917,0.88592,3,1,2,3,2,0.10692,0.9294,0.001
0.24895,0.5705,0.43143,1,2,1,2,3,0.41544,0.9998,0.049
0.73763,0.96284,0.5101,3,2,2,3,3,0.39594,0.8271,0.033
0.5233,0.60094,0.20716,2,3,2,3,3,0.1617,0.991,0.114
0.53169,0.66479,0.77431,1,2,1,2,3,0.060131,0.9998,0.103
0.19856,0.77072,0.90183,2,2,2,2,3,0.099579,0.9998,0.095
0.53396,0.70197,0.4128,1,2,3,2,1,0.0073818,0.0417,0.426
0.23425,0.44245,0.81378,3,2,2,1,2,0.19672,0.0571,0.338
0.31921,0.53085,0.20424,1,2,3,1,3,0.38361,0.0087,0.657
0.14115,0.65846,0.72133,1,3,1,1,3,0.46442,0.9998,0.216
0.21908,0.88967,0.66293,3,3,2,1,2,0.40812,0.0769,0.658
0.76993,0.88071,0.70608,3,2,1,3,3,0.29767,0.9998,0.026
0.098756,0.68288,0.40297,3,2,3,1,3,0.05352,0.0351,0.783
0.57678,0.96082,0.87145,3,2,3,2,3,0.2538,0.0263,0.262
0.27821,0.35098,0.75122,3,2,3,1,3,0.41559,0.012,0.348
0.82075,0.96633,0.076273,3,1,3,2,2,0.35434,0.001,0.161
0.64975,0.79277,0.9323,1,2,1,3,3,0.34383,0.9998,0.018
0.3687,0.62788,0.50341,2,2,2,2,2,0.45527,0.6049,0.059
0.57959,0.91483,0.06095,1,2,2,2,1,0.22044,0.0351,0.472
0.58736,0.62128,0.86098,1,2,2,3,1,0.33042,0.9998,0.014
0.15841,0.55291,0.74163,2,2,1,3,1,0.35295,0.9998,0.013
0.59708,0.50846,0.12501,3,1,2,3,1,0.19418,0.9998,0.001
0.23613,0.52246,0.98445,3,3,3,1,2,0.27413,0.0208,0.666
0.74509,0.81056,0.71747,3,3,1,3,1,0.066716,0.9998,0.124
0.80584,0.67187,0.9559,2,2,2,3,3,0.033338,0.8051,0.042
0.60816,0.52832,0.88085,2,1,2,3,1,0.066697,0.9998,0.001
0.089569,0.6181,0.6689,1,3,1,1,1,0.41565,0.9998,0.191
0.50578,0.51354,0.78981,3,3,2,3,3,0.11819,0.9998,0.069
0.12379,0.49912,0.73573,1,2,2,2,1,0.20565,0.9998,0.044
0.74767,0.52417,0.49293,3,3,2,1,2,0.11083,0.0098,0.9
0.060165,0.87366,0.77148,3,2,2,1,1,0.097848,0.1275,0.578
0.42425,0.64299,0.5835,3,3,2,3,1,0.041635,0.9998,0.123
0.6176,0.44964,0.64566,2,1,2,3,2,0.19032,0.9998,0.001
0.52293,0.58927,0.21779,1,2,1,1,2,0.42928,0.1627,0.293
0.9196,0.56937,0.16264,3,1,2,3,3,0.39838,0.0098,0.006
0.58618,0.94809,0.57508,1,1,2,3,2,0.0049887,0.9998,0.002
0.48101,0.45914,0.048602,3,2,2,1,1,0.084621,0.012,0.84
0.80224,0.79568,0.85938,1,1,2,3,3,0.39054,0.4971,0.001
0.24387,0.53778,0.19786,1,3,1,2,1,0.25342,0.9998,0.134
0.40154,0.90108,0.92048,3,2,2,2,3,0.37542,0.9008,0.068
0.7038,0.56834,0.72868,1,3,1,2,2,0.44364,0.9998,0.089
0.95914,0.82517,0.981,1,1,3,2,2,0.11676,0.001,0.02
0.49286,0.58062,0.99499,1,2,2,2,3,0.1305,0.5796,0.074
0.0014632,0.91865,0.40438,2,3,3,1,2,0.1506,0.0637,0.883
0.15307,0.35117,0.58056,3,2,1,1,2,0.14351,0.9998,0.113
0.95357,0.44423,0.76824,2,3,3,2,3,0.30777,0.001,0.573
0.2515,0.32573,0.47212,3,2,3,3,2,0.32254,0.9415,0.01
0.89139,0.90277,0.20992,1,2,1,1,2,0.19955,0.0175,0.828
0.8262,0.75899,0.54645,3,1,3,2,1,0.12566,0.0032,0.032
0.20716,0.82996,0.88633,1,1,2,2,3,0.23611,0.9998,0.002
0.63519,0.3681,0.90844,1,3,2,1,3,0.017508,0.0274,0.892
0.7635,0.33421,0.72593,1,3,3,2,2,0.35066,0.0043,0.342
0.91978,0.45823,0.36101,2,2,2,1,2,0.16228,0.001,0.857
0.383,0.50861,0.69171,1,2,3,3,3,0.44023,0.7281,0.013
0.88396,0.43739,0.12135,3,1,2,1,1,0.27185,0.001,0.446
0.41692,0.75002,0.21408,1,2,3,3,3,0.30864,0.1231,0.089
0.79536,0.64487,0.35462,3,2,2,2,1,0.38753,0.0131,0.254
0.38323,0.90293,0.46391,1,3,3,3,2,0.28527,0.3178,0.148
0.92711,0.90464,0.16984,3,3,2,2,2,0.08935,0.0065,0.76
0.17544,0.90081,0.90941,1,3,1,3,3,0.48083,0.9998,0.067
0.16528,0.64573,0.53512,2,2,1,2,2,0.099404,0.9998,0.093
0.60219,0.55335,0.13492,2,1,1,2,1,0.45691,0.9998,0.005
0.51666,0.40631,0.38066,2,2,3,3,3,0.41051,0.1539,0.027
0.99977,0.34462,0.42548,1,1,3,3,1,0.20217,0.001,0.002
0.2199,0.54786,0.26624,2,1,2,2,3,0.14575,0.9998,0.005
0.52861,0.93989,0.97393,1,1,2,1,3,0.29271,0.0197,0.187
0.60726,0.34953,0.92477,1,3,2,3,2,0.32104,0.9998,0.028
0.2488,0.45866,0.703,1,3,2,1,1,0.37708,0.0505,0.404
0.60046,0.93643,0.57084,2,2,2,3,2,0.16771,0.9998,0.039
0.21276,0.35714,0.27448,3,2,2,3,3,0.43376,0.9998,0.013
0.65773,0.41271,0.43238,2,2,2,3,2,0.25254,0.9998,0.015
0.71156,0.63665,0.72918,2,2,2,3,2,0.46878,0.9998,0.014
0.4654,0.31535,0.80828,2,3,1,3,1,0.089605,0.9998,0.04
0.76834,0.65081,0.90946,1,1,3,1,1,0.028926,0.001,0.288
0.30012,0.30149,0.95111,2,2,2,3,1,0.38315,0.9998,0.005
0.80865,0.74301,0.6884,3,1,2,1,2,0.31979,0.0021,0.275
0.16357,0.93424,0.077343,3,3,2,1,2,0.16927,0.0945,0.898
0.70948,0.40404,0.65812,2,2,3,2,1,0.31699,0.0065,0.183
0.95496,0.31114,0.95751,1,1,1,1,1,0.012846,0.0032,0.258
0.18901,0.7625,0.94123,3,1,2,3,3,0.48785,0.9998,0.001
0.48913,0.89493,0.99704,1,1,3,1,1,0.0021963,0.0197,0.28
0.74618,0.38224,0.50902,2,3,3,3,3,0.084416,0.0274,0.213
0.38257,0.49002,0.86788,3,3,1,3,2,0.37075,0.9998,0.039
0.64093,0.86603,0.85337,2,3,3,1,1,0.19906,0.0087,0.9
0.79104,0.75828,0.026146,1,1,2,3,1,0.39289,0.0054,0.1
0.92574,0.8829,0.2594,3,2,3,1,3,0.10651,0.001,0.9
0.94491,0.64331,0.43795,2,2,2,3,2,0.38633,0.0054,0.126
0.65558,0.32263,0.55707,3,2,1,1,3,0.3599,0.243,0.122
0.92356,0.30893,0.37716,1,1,3,1,3,0.083906,0.001,0.327
0.36093,0.75094,0.067947,2,1,1,3,3,0.10396,0.9998,0.007
0.95537,0.80697,0.58089,1,2,1,3,2,0.27013,0.9998,0.027
0.82463,0.83714,0.99714,3,1,3,3,1,0.11383,0.0439,0.001
0.80551,0.37298,0.46976,3,2,1,1,3,0.10953,0.0274,0.485
0.18827,0.83144,0.031689,3,1,3,1,3,0.32117,0.0087,0.585
0.48914,0.30899,0.18661,2,2,1,3,1,0.24262,0.9998,0.017
0.48886,0.97997,0.11245,3,1,3,3,1,0.37161,0.0758,0.009
0.076239,0.50341,0.56134,2,2,2,2,2,0.31667,0.9998,0.043
0.47382,0.54938,0.47558,3,3,1,2,2,0.33551,0.9998,0.108
0.10113,0.50531,0.051588,3,1,3,2,3,0.25206,0.0373,0.074
0.73738,0.65692,0.38251,3,1,1,1,2,0.45274,0.1,0.084
0.99119,0.50078,0.70619,3,2,1,2,2,0.2676,0.0032,0.281
0.88504,0.88786,0.11816,1,3,1,1,1,0.20521,0.0362,0.9
0.34981,0.44597,0.66583,1,2,3,1,3,0.48667,0.0087,0.457
0.052209,0.93123,0.79329,2,1,2,1,1,0.18651,0.1396,0.126
0.088852,0.53917,0.54867,3,3,2,2,2,0.23027,0.9998,0.119
0.58982,0.43102,0.61133,2,2,3,1,2,0.025971,0.0054,0.834
0.028279,0.82967,0.79611,2,3,2,2,1,0.14678,0.9998,0.185
0.96014,0.96018,0.1127,1,2,3,3,2,0.32414,0.001,0.316
0.060362,0.48372,0.65107,2,1,3,2,3,0.066802,0.5114,0.004
0.30002,0.5381,0.91893,2,2,3,2,2,0.22813,0.1121,0.1
0.019875,0.53924,0.76603,2,2,3,1,3,0.1714,0.034,0.506
0.64942,0.5399,0.4933,2,2,1,2,2,0.35089,0.9998,0.047
0.98796,0.38773,0.36448,3,1,1,2,3,0.33812,0.0054,0.018
0.20258,0.90796,0.75116,2,3,1,1,3,0.20969,0.9998,0.409
0.32119,0.49901,0.43532,1,1,1,3,2,0.45188,0.9998,0.001
0.57493,0.33257,0.42253,3,2,2,3,1,0.23387,0.9998,0.012
0.36395,0.40596,0.14961,1,1,3,2,2,0.1754,0.034,0.027
0.88639,0.77219,0.83516,2,3,2,2,1,0.32824,0.0098,0.484
0.49817,0.89488,0.19092,3,3,1,2,3,0.062072,0.9998,0.383
0.3106,0.30249,0.81524,1,1,2,2,2,0.31921,0.9998,0.001
0.46725,0.97949,0.84124,2,1,3,3,3,0.039274,0.7842,0.001
0.96501,0.8357,0.57453,1,3,2,2,3,0.45796,0.001,0.653
0.067477,0.34828,0.16678,2,1,1,1,2,0.47372,0.9998,0.016
0.15009,0.97094,0.53046,3,3,3,3,3,0.037043,0.9998,0.213
0.80318,0.47159,0.064122,1,3,3,1,2,0.13157,0.0021,0.9
0.42056,0.49869,0.048181,1,2,2,2,3,0.10958,0.0516,0.383
0.40809,0.47426,0.65246,1,1,3,1,2,0.16014,0.0076,0.196
0.84774,0.83386,0.80701,1,2,1,3,2,0.31648,0.9998,0.022
0.05454,0.65028,0.43276,3,3,1,2,3,0.45214,0.9998,0.119
0.54522,0.42537,0.63446,2,3,2,3,2,0.48148,0.9998,0.033
0.0038735,0.65807,0.67846,2,2,3,1,3,0.28287,0.034,0.519
0.94673,0.36936,0.51103,2,1,2,3,3,0.055064,0.034,0.001
0.8983,0.51493,0.061051,2,3,1,3,2,0.10974,0.8733,0.168
0.21623,0.308,0.64245,1,3,1,1,1,0.2585,0.9998,0.111
0.6027,0.6352,0.30812,1,1,1,2,1,0.37222,0.9998,0.003
0.83914,0.98774,0.62646,3,1,2,2,2,0.090638,0.0285,0.024
0.18052,0.77494,0.055688,1,2,1,1,2,0.017029,0.7116,0.751
0.16922,0.60132,0.41622,1,1,3,3,2,0.36438,0.8172,0.001
0.29024,0.92069,0.21003,2,3,3,3,2,0.065438,0.2991,0.304
0.93306,0.72201,0.37749,2,3,2,1,1,0.33247,0.001,0.9
0.71183,0.41683,0.44278,3,2,3,1,3,0.3165,0.001,0.785
0.15283,0.584,0.31248,3,2,2,3,3,0.34695,0.9998,0.024
0.38878,0.92778,0.67612,3,2,3,1,2,0.4142,0.0109,0.723
0.43655,0.9558,0.26209,1,1,3,1,1,0.28487,0.0065,0.373
0.045885,0.47253,0.66073,2,1,2,3,1,0.1647,0.9998,0.001
0.40602,0.80142,0.92134,2,1,3,2,1,0.49201,0.1913,0.003
0.41887,0.38899,0.65462,3,3,3,3,2,0.43198,0.4091,0.043
0.15292,0.7417,0.31637,1,3,1,2,1,0.47956,0.9998,0.128
0.80738,0.75848,0.87823,2,3,1,2,2,0.45119,0.9998,0.115
0.29997,0.81393,0.10421,1,1,3,1,2,0.39629,0.0076,0.424
0.024681,0.34343,0.12961,3,2,1,1,2,0.22531,0.9998,0.122
0.64163,0.85047,0.28915,3,3,2,1,1,0.24893,0.0186,0.9
0.79401,0.54025,0.46261,3,2,2,1,2,0.18391,0.0032,0.8
0.47748,0.34661,0.41103,3,2,2,2,2,0.48455,0.3211,0.04
0.77016,0.98506,0.11136,3,3,3,3,3,0.19804,0.0142,0.511
0.14796,0.40353,0.70482,2,1,1,3,3,0.1905,0.9998,0.001
0.0047195,0.75503,0.67853,1,2,1,3,3,0.12681,0.9998,0.032
0.7114,0.84838,0.62392,3,1,1,1,3,0.41271,0.2771,0.063
0.28068,0.7194,0.026226,1,2,1,2,3,0.077599,0.9998,0.306
0.052366,0.81402,0.49948,3,1,3,2,3,0.47165,0.4509,0.004
0.084563,0.80167,0.50679,1,2,1,3,2,0.16404,0.9998,0.036
0.1577,0.72034,0.93745,3,3,1,2,2,0.053879,0.9998,0.235
0.44737,0.67295,0.35465,3,2,2,1,1,0.38656,0.0175,0.591
0.12747,0.64733,0.31047,3,3,2,2,2,0.28929,0.8018,0.161
0.35831,0.48199,0.78686,3,2,1,3,3,0.25579,0.9998,0.013
0.096594,0.89212,0.9094,2,3,1,3,3,0.0056706,0.9998,0.277
0.57569,0.74234,0.2782,2,2,2,2,3,0.41992,0.0835,0.184
0.55425,0.61071,0.090384,2,2,3,1,2,0.37219,0.0032,0.857
0.90963,0.56827,0.88445,1,2,1,3,2,0.12751,0.9998,0.019
0.89451,0.44992,0.0038592,3,3,2,2,2,0.44029,0.001,0.876
0.88369,0.96176,0.3908,1,1,2,1,3,0.40066,0.001,0.358
0.88857,0.48457,0.23479,1,2,3,1,2,0.41983,0.001,0.826
0.29183,0.73561,0.71591,2,1,1,2,2,0.14037,0.9998,0.003
0.28964,0.64969,0.78359,2,2,3,1,3,0.33853,0.0142,0.591
0.515,0.77559,0.97679,1,3,1,3,3,0.06273,0.9998,0.121
0.014457,0.5277,0.1347,3,3,3,1,2,0.22526,0.0274,0.774
0.89908,0.68138,0.90112,2,3,2,2,3,0.025913,0.0208,0.62
0.16547,0.31969,0.95537,3,2,1,3,2,0.34015,0.9998,0.006
0.88562,0.94403,0.30006,3,3,3,3,1,0.036695,0.0076,0.483
0.1695,0.67201,0.6338,3,1,3,2,2,0.007048,0.2617,0.02
0.29477,0.96526,0.69429,2,3,1,2,2,0.1034,0.9998,0.266
0.84184,0.3916,0.18915,2,3,2,3,3,0.07682,0.0439,0.26
0.73357,0.5108,0.49557,1,1,2,2,3,0.12908,0.1088,0.008
0.33714,0.70903,0.46895,3,1,3,3,3,0.043633,0.98,0.001
0.29994,0.58783,0.23649,3,3,1,3,1,0.097528,0.9998,0.114
0.92523,0.45112,0.0010089,3,1,2,1,2,0.4533,0.001,0.884
0.35897,0.73767,0.39337,3,2,2,1,3,0.0038312,0.1363,0.869
0.04825,0.52142,0.78342,2,2,1,1,3,0.4862,0.9998,0.1
0.93878,0.67456,0.39844,2,3,3,2,2,0.33523,0.001,0.678
0.39827,0.82594,0.52235,2,1,2,2,2,0.24522,0.9998,0.004
0.99262,0.95254,0.092229,1,1,2,2,3,0.47677,0.001,0.137
0.30004,0.86948,0.07671,1,3,2,1,1,0.17724,0.0571,0.9
0.61679,0.42164,0.6514,1,1,1,3,1,0.24935,0.9998,0.001
0.64039,0.30515,0.10642,1,3,3,3,1,0.053397,0.0197,0.312
0.42104,0.74805,0.78755,2,1,2,1,2,0.135,0.0307,0.19
0.61035,0.79109,0.11162,3,3,3,1,1,0.047912,0.0175,0.9
0.90386,0.61656,0.070688,2,3,3,1,3,0.12064,0.001,0.9
0.20891,0.38143,0.64622,3,1,2,2,3,0.054206,0.9998,0.002
0.48904,0.83251,0.91511,3,1,2,3,3,0.45049,0.9998,0.001
0.47556,0.70828,0.26055,1,2,3,1,3,0.042411,0.012,0.883
0.77217,0.31491,0.87999,1,3,2,1,3,0.39909,0.0021,0.736
0.16888,0.82162,0.47713,1,3,1,3,1,0.32672,0.9998,0.08
0.5851,0.42834,0.076919,3,1,1,3,2,0.076831,0.9998,0.003
0.76627,0.56192,0.18986,3,1,2,2,3,0.32325,0.0153,0.035
0.98895,0.38627,0.73588,1,1,2,2,1,0.078309,0.001,0.023
0.27393,0.39244,0.69965,2,3,2,1,2,0.24295,0.0472,0.45
0.95055,0.67249,0.24769,1,1,1,1,1,0.21864,0.001,0.413
0.74896,0.40969,0.058124,3,2,2,3,2,0.16985,0.0241,0.19
0.92798,0.9289,0.85071,3,2,3,2,2,0.1284,0.001,0.371
0.47616,0.99643,0.49058,1,3,3,2,3,0.25173,0.0505,0.499
0.56524,0.75405,0.79806,3,2,2,1,3,0.11022,0.0219,0.738
0.27268,0.41919,0.66402,3,3,1,3,2,0.26793,0.9998,0.041
0.78522,0.39146,0.051356,3,1,1,2,2,0.31375,0.8964,0.011
0.80848,0.85558,0.50187,1,1,3,2,2,0.13832,0.0032,0.035
0.09059,0.3523,0.18245,1,3,3,3,2,0.015844,0.4223,0.194
0.37741,0.87511,0.30488,3,1,2,3,2,0.15969,0.9998,0.001
0.92108,0.45556,0.083609,3,2,1,3,1,0.036851,0.9668,0.087
0.46642,0.8509,0.42257,3,3,3,3,3,0.47186,0.1858,0.145
0.29978,0.41135,0.66526,1,3,2,2,2,0.3421,0.9998,0.073
0.92749,0.82925,0.28824,3,2,1,2,1,0.30309,0.1649,0.174
0.21804,0.90859,0.41422,3,3,3,2,1,0.3306,0.1044,0.346
0.76664,0.31528,0.3931,3,1,2,1,1,0.12627,0.0021,0.26
0.79967,0.93546,0.97457,1,2,3,1,3,0.059932,0.0021,0.849
0.96661,0.34714,0.43753,2,3,2,3,3,0.16042,0.0021,0.328
0.98834,0.58693,0.37119,1,1,3,2,3,0.11343,0.001,0.047
0.13371,0.59346,0.50686,2,1,2,2,1,0.16216,0.9998,0.003
0.75211,0.85248,0.50127,3,2,2,3,3,0.27759,0.6577,0.037
0.76697,0.48706,0.039506,2,1,1,2,1,0.14828,0.1583,0.062
0.53335,0.91301,0.3931,2,3,3,3,2,0.22903,0.1308,0.221
0.10922,0.30463,0.5973,1,3,2,2,3,0.32959,0.9998,0.057
0.051171,0.81237,0.16429,2,3,2,2,1,0.1402,0.6247,0.298
0.78754,0.9786,0.18047,1,2,2,3,3,0.4653,0.0736,0.126
0.57242,0.40882,0.50237,1,1,1,3,3,0.28387,0.9998,0.001
0.38036,0.5776,0.57674,1,1,3,2,1,0.0097008,0.1,0.023
0.60889,0.80377,0.30275,2,3,1,3,3,0.22951,0.9998,0.118
0.45053,0.86464,0.79017,1,2,2,1,3,0.14148,0.0362,0.702
0.41732,0.40784,0.54,1,1,2,2,3,0.46855,0.9998,0.001
0.377,0.3471,0.18158,2,2,1,3,3,0.28787,0.9998,0.02
0.45991,0.46513,0.027752,1,1,2,2,1,0.32923,0.0175,0.13
0.74635,0.42177,0.11754,1,3,2,1,3,0.087019,0.0087,0.9
0.90704,0.45298,0.87096,2,3,2,1,3,0.10592,0.0021,0.9
0.065076,0.65662,0.6208,3,3,2,2,3,0.36678,0.9998,0.122
0.38679,0.9954,0.32639,1,1,1,3,3,0.068581,0.9998,0.001
0.15933,0.40683,0.13695,2,2,2,2,1,0.3549,0.3607,0.076
0.51396,0.68391,0.20784,2,1,3,1,3,0.39229,0.0032,0.365
0.59486,0.90338,0.4488,2,2,2,3,1,0.32629,0.9998,0.031
0.95409,0.61104,0.45688,1,2,1,3,3,0.29991,0.9998,0.022
0.45298,0.86758,0.92888,3,1,1,3,3,0.33636,0.9998,0.001
0.95326,0.54829,0.33902,2,2,2,3,2,0.44793,0.0021,0.152
0.66334,0.79256,0.91895,2,3,1,2,1,0.33004,0.9998,0.126
0.82477,0.43331,0.025673,3,3,2,2,3,0.028407,0.012,0.813
0.67844,0.38035,0.23606,1,1,2,1,2,0.14454,0.0032,0.312
0.55277,0.68828,0.73065,1,1,3,1,3,0.38681,0.0043,0.222
0.12739,0.39361,0.12831,3,1,3,1,1,0.46763,0.0131,0.165
0.2362,0.43112,0.54565,1,3,2,3,2,0.12756,0.9998,0.061
0.0079403,0.74382,0.35929,1,1,2,3,3,0.05703,0.9998,0.001
0.43468,0.34133,0.38103,2,2,2,3,1,0.36118,0.9998,0.01
0.43638,0.30888,0.22902,1,3,1,2,1,0.13184,0.9998,0.093
0.055753,0.57302,0.47448,2,1,2,3,2,0.41266,0.9998,0.001
0.5891,0.63581,0.19865,1,3,2,1,1,0.11951,0.0219,0.9
0.46239,0.7951,0.40121,3,2,1,3,2,0.0071927,0.9998,0.12
0.37542,0.6822,0.11168,1,2,2,3,1,0.45223,0.9998,0.042
0.11187,0.74062,0.060709,2,3,2,1,1,0.337,0.0483,0.782
0.31581,0.51791,0.34498,2,1,2,3,3,0.33315,0.9998,0.001
0.85022,0.97171,0.77021,3,3,3,3,1,0.43751,0.0109,0.28
0.37364,0.83672,0.16809,1,2,1,2,3,0.25986,0.9998,0.13
0.61503,0.36522,0.6277,2,3,1,1,3,0.096014,0.2441,0.358
0.31861,0.47667,0.20007,3,3,2,1,3,0.034505,0.0659,0.872
0.061409,0.44958,0.54387,2,2,3,2,2,0.20532,0.1957,0.085
0.54095,0.90016,0.19802,3,1,2,2,1,0.077805,0.1154,0.047
0.76464,0.47058,0.68212,1,2,1,1,3,0.068927,0.0725,0.487
0.67952,0.79289,0.46088,2,3,3,2,2,0.18214,0.0153,0.579
0.92058,0.65793,0.91414,1,1,2,1,2,0.045967,0.001,0.286
0.46591,0.50869,0.13317,3,1,1,3,2,0.1475,0.9998,0.001
0.21827,0.79425,0.039014,1,1,1,3,3,0.30815,0.9998,0.01
0.27604,0.67218,0.52222,3,1,1,1,3,0.28381,0.9998,0.033
0.39654,0.85392,0.59419,1,2,2,3,1,0.15478,0.9998,0.034
0.68452,0.63176,0.14124,3,1,1,3,2,0.47546,0.9998,0.001
0.79484,0.36952,0.95178,3,2,3,1,2,0.00073696,0.0032,0.855
0.53325,0.86285,0.56266,1,1,2,3,3,0.37544,0.9998,0.001
0.2088,0.66433,0.22555,1,2,1,1,3,0.2836,0.826,0.227
0.6465,0.38972,0.081321,3,1,3,1,1,0.32961,0.001,0.458
0.94741,0.56759,0.69291,1,3,2,2,3,0.30104,0.0021,0.583
0.79696,0.99782,0.28131,3,2,2,3,1,0.35519,0.1242,0.091
0.73292,0.56928,0.040083,2,2,2,3,3,0.29147,0.0208,0.258
0.29574,0.35228,0.29371,2,2,3,2,2,0.11737,0.0516,0.161
0.6033,0.41298,0.63545,2,3,1,1,2,0.42197,0.3057,0.205
0.32668,0.49587,0.93176,3,1,1,1,2,0.19985,0.9998,0.019
0.57515,0.44016,0.84348,2,2,1,1,3,0.21187,0.617,0.142
0.030555,0.60449,0.55786,2,2,1,1,2,0.31939,0.9998,0.15
0.77236,0.33939,0.85473,1,3,1,2,2,0.19214,0.9998,0.071
0.34905,0.74116,0.66444,2,1,2,1,2,0.49605,0.0428,0.105
0.55086,0.94353,0.090049,3,2,1,3,1,0.12885,0.9998,0.112
0.43398,0.84938,0.52523,2,2,3,1,3,0.16564,0.0109,0.811
0.11991,0.92542,0.65309,2,3,3,3,1,0.020139,0.9998,0.209
0.20095,0.56621,0.59479,2,3,2,1,1,0.13419,0.0725,0.626
0.47465,0.95304,0.096444,2,3,1,3,2,0.29955,0.9998,0.175
0.83988,0.44347,0.62125,1,1,2,3,2,0.08701,0.3134,0.001
0.75673,0.67946,0.28206,1,1,3,3,3,0.12244,0.034,0.003
0.43404,0.39955,0.37558,1,3,1,2,1,0.39678,0.9998,0.07
0.043209,0.40216,0.23334,3,3,2,3,3,0.12335,0.9998,0.08
0.29732,0.5831,0.30224,1,1,1,3,2,0.37866,0.9998,0.001
0.068488,0.90701,0.4579,2,1,2,2,2,0.038808,0.9998,0.012
0.95999,0.76557,0.5413,3,1,2,2,1,0.43448,0.001,0.03
0.5723,0.30629,0.71828,2,1,2,3,3,0.22471,0.9998,0.001
0.56735,0.35328,0.25162,2,3,3,1,3,0.066727,0.0065,0.9
0.31547,0.51046,0.042039,2,2,1,3,1,0.26395,0.9998,0.067
0.59194,0.55176,0.71931,1,2,3,3,1,0.26178,0.1726,0.029
0.15729,0.55933,0.86227,1,2,3,3,1,0.34238,0.9998,0.012
0.48766,0.62223,0.51568,2,1,1,3,2,0.136,0.9998,0.001
0.59859,0.76794,0.89456,1,3,3,2,2,0.043668,0.0439,0.559
0.10452,0.30698,0.059153,2,2,2,2,1,0.16133,0.166,0.138
0.53978,0.46258,0.73983,3,2,2,3,2,0.4445,0.9998,0.01
0.28976,0.74232,0.29542,3,2,2,3,2,0.31101,0.9998,0.034
0.71774,0.3196,0.066842,1,3,1,2,2,0.46353,0.5906,0.101
0.78087,0.66532,0.93195,1,1,2,1,2,0.073556,0.0032,0.269
0.32288,0.36886,0.17004,2,1,2,1,1,0.18558,0.0208,0.172
0.40666,0.62414,0.20267,1,3,2,1,1,0.43477,0.0208,0.717
0.10627,0.9989,0.86633,2,1,3,2,1,0.3076,0.65,0.003
0.32588,0.61534,0.57784,1,1,2,1,2,0.037422,0.0428,0.24
0.91272,0.87801,0.44455,1,1,2,2,1,0.49103,0.0032,0.032
0.95544,0.39986,0.51256,2,1,3,2,1,0.48596,0.001,0.021
0.37622,0.46014,0.42352,2,2,2,2,3,0.1368,0.4421,0.085
0.30035,0.58002,0.51772,2,2,2,2,3,0.030912,0.6951,0.148
0.83903,0.65509,0.11372,1,1,1,3,1,0.24522,0.9998,0.002
0.86376,0.48398,0.82396,2,1,3,2,2,0.16449,0.0021,0.018
0.99372,0.83969,0.3138,3,1,3,2,2,0.028936,0.001,0.058
0.89215,0.58414,0.60439,1,3,2,2,2,0.047402,0.0131,0.612
0.2156,0.74361,0.79972,2,1,1,2,1,0.10426,0.9998,0.003
0.21769,0.90043,0.862,3,3,2,3,2,0.15665,0.9998,0.103
0.42667,0.49597,0.33351,1,3,2,1,3,0.18347,0.0274,0.745
0.65685,0.46232,0.62195,3,1,3,3,1,0.037562,0.1682,0.001
0.60354,0.89349,0.50462,3,2,2,1,3,0.0039554,0.067,0.877
0.9096,0.84456,0.75712,3,2,3,1,3,0.2026,0.001,0.85
0.16086,0.30106,0.562,3,2,2,2,3,0.27324,0.9998,0.026
0.60411,0.94835,0.11695,2,3,3,3,3,0.1704,0.0461,0.434
0.098168,0.51226,0.78012,1,2,3,1,2,0.26848,0.0252,0.45
0.41633,0.81785,0.89295,3,2,3,1,1,0.012927,0.0252,0.842
0.1698,0.77091,0.61865,1,2,3,2,3,0.003423,0.2375,0.37
0.7144,0.42451,0.98685,3,3,1,2,1,0.0084996,0.9998,0.237
0.51951,0.71013,0.19073,1,3,3,2,3,0.25172,0.023,0.549
0.6734,0.77969,0.69574,1,1,2,2,3,0.39992,0.4388,0.003
0.51121,0.81822,0.25417,2,2,1,3,1,0.42279,0.9998,0.034
0.5877,0.37123,0.36688,2,3,2,3,3,0.13792,0.9998,0.06
0.57842,0.52092,0.99402,1,1,1,3,2,0.49195,0.9998,0.001
0.27335,0.80287,0.77802,3,2,3,2,2,0.040532,0.122,0.262
0.018895,0.44148,0.46909,1,1,2,3,3,0.1892,0.9998,0.001
0.55108,0.33602,0.3075,2,1,3,2,3,0.48272,0.0318,0.006
0.9577,0.35285,0.88802,3,2,2,2,3,0.28122,0.001,0.268
0.96849,0.70722,0.0998,1,1,3,2,2,0.083301,0.001,0.14
0.16287,0.57266,0.79998,1,1,3,2,2,0.1999,0.5642,0.002
0.48036,0.37909,0.13237,3,1,2,3,1,0.032001,0.9998,0.002
0.76358,0.98331,0.78154,1,2,2,2,3,0.46779,0.0428,0.201
0.74722,0.52287,0.51043,3,1,3,3,3,0.38653,0.0494,0.001
0.28618,0.73919,0.46283,2,3,1,3,3,0.06472,0.9998,0.146
0.19985,0.41407,0.036877,2,3,2,2,1,0.13636,0.1011,0.379
0.38785,0.4749,0.36475,1,2,1,3,2,0.19953,0.9998,0.022
0.77746,0.76003,0.52831,3,2,2,1,2,0.41289,0.0032,0.791
0.09415,0.53011,0.30557,3,1,3,1,1,0.0090111,0.0274,0.375
0.45978,0.94349,0.98894,1,2,3,3,3,0.4663,0.5884,0.023
0.84584,0.49936,0.66332,2,3,2,2,2,0.30113,0.0131,0.374
0.28656,0.54838,0.53576,2,1,1,1,1,0.49542,0.9998,0.018
0.95528,0.60863,0.87576,1,3,3,3,1,0.43248,0.001,0.323
0.37671,0.40444,0.034097,2,2,3,1,1,0.39112,0.0043,0.746
0.75716,0.46074,0.35894,1,3,1,3,3,0.18158,0.9998,0.069
0.029036,0.74597,0.059459,1,2,1,2,2,0.084598,0.9998,0.239
0.14649,0.35217,0.46074,3,2,1,1,2,0.1852,0.9998,0.107
0.0049832,0.41636,0.36594,3,2,3,2,1,0.35911,0.1858,0.069
0.15542,0.57136,0.89573,1,1,2,1,1,0.44388,0.1671,0.037
0.20695,0.37676,0.56585,2,3,1,3,2,0.13717,0.9998,0.051
0.80737,0.48554,0.8959,1,1,1,3,3,0.30399,0.9998,0.001
0.81111,0.40138,0.97483,1,2,2,2,2,0.41688,0.0274,0.092
0.82529,0.83475,0.94764,2,2,1,1,2,0.16677,0.0582,0.591
0.16042,0.38196,0.39855,2,1,2,2,2,0.41569,0.9998,0.001
0.56435,0.5727,0.49014,1,2,1,3,3,0.44345,0.9998,0.016
0.77579,0.76298,0.46966,3,2,2,3,2,0.10988,0.3915,0.058
0.64558,0.60612,0.61261,2,1,1,3,1,0.36874,0.9998,0.001
0.89572,0.49187,0.9979,1,1,3,2,2,0.41718,0.001,0.014
0.59533,0.84715,0.98767,3,2,2,2,3,0.39413,0.2771,0.093
0.49436,0.32185,0.82757,3,2,3,2,1,0.13213,0.0395,0.102
0.4774,0.95549,0.2411,3,3,3,2,1,0.10456,0.0461,0.618
0.087459,0.51624,0.23088,1,3,1,2,1,0.45459,0.9998,0.097
0.52158,0.88824,0.62503,3,1,2,1,2,0.1276,0.0186,0.265
0.33773,0.7332,0.086895,3,3,2,3,2,0.18775,0.7897,0.18
0.82096,0.68411,0.015542,1,3,3,3,3,0.047343,0.0054,0.73
0.37253,0.52463,0.78325,2,3,3,3,3,0.10611,0.5532,0.09
0.7166,0.86024,0.59367,3,3,2,2,3,0.048588,0.1297,0.522
0.22699,0.7996,0.7245,2,1,3,2,2,0.17211,0.2771,0.006
0.79117,0.53147,0.91368,1,3,3,2,3,0.28835,0.0043,0.491
0.94633,0.75558,0.98221,1,1,3,2,1,0.096917,0.001,0.02
0.63354,0.64867,0.059624,3,2,2,1,2,0.25758,0.0065,0.873
0.62344,0.9677,0.17694,1,3,2,3,2,0.23745,0.4443,0.205
0.91442,0.41386,0.4281,3,2,3,1,3,0.020926,0.001,0.886
0.90528,0.62974,0.91046,1,2,3,2,1,0.16399,0.001,0.35
0.95335,0.82535,0.33392,3,1,2,1,2,0.31642,0.001,0.377
0.83827,0.80832,0.10885,2,2,3,2,1,0.080676,0.0021,0.57
0.79278,0.49162,0.61569,1,2,2,1,3,0.050775,0.0043,0.832
0.39377,0.57427,0.20696,3,2,3,1,3,0.36226,0.0065,0.731
0.19818,0.58727,0.85307,3,3,2,1,2,0.21454,0.0791,0.563
0.4124,0.9473,0.05555,3,2,3,2,1,0.19202,0.0208,0.542
0.80324,0.54519,0.45868,1,1,2,3,2,0.47555,0.3112,0.001
0.6517,0.40224,0.69396,1,1,3,3,1,0.31281,0.089,0.001
0.048806,0.45764,0.58101,1,3,3,2,2,0.30069,0.199,0.155
0.33398,0.75573,0.50391,1,2,1,3,1,0.26546,0.9998,0.026
0.33067,0.86941,0.78764,2,3,1,2,3,0.062161,0.9998,0.285
0.0093867,0.39003,0.76391,1,2,3,2,3,0.42096,0.3508,0.038
0.78774,0.66572,0.61739,3,3,3,1,2,0.27912,0.0021,0.9
0.55164,0.82058,0.41231,3,1,2,1,2,0.25381,0.0109,0.282
0.26326,0.92411,0.58614,1,1,1,2,1,0.46934,0.9998,0.003
0.69151,0.83161,0.39942,2,1,1,2,2,0.28371,0.9998,0.005
0.95293,0.78259,0.70787,1,3,2,1,1,0.32846,0.001,0.9
0.24264,0.49714,0.90477,3,2,2,3,2,0.35134,0.9998,0.01
0.46975,0.66393,0.76631,3,2,2,1,3,0.16811,0.0263,0.626
0.10289,0.46531,0.97178,2,1,1,2,2,0.34945,0.9998,0.001
0.26474,0.43346,0.4493,2,1,1,2,1,0.38433,0.9998,0.001
0.72128,0.36261,0.91781,2,1,1,1,1,0.21484,0.9998,0.012
0.70834,0.71366,0.37699,1,2,3,2,3,0.19691,0.0065,0.379
0.56482,0.3344,0.87228,2,2,1,2,1,0.43001,0.9998,0.018
0.0029184,0.47373,0.34629,2,3,3,3,1,0.11667,0.9998,0.075
0.90295,0.30889,0.13222,3,1,2,1,2,0.19403,0.001,0.394
0.98486,0.38546,0.76096,3,1,3,3,2,0.28968,0.001,0.001
0.80242,0.76875,0.4716,2,2,1,1,2,0.47224,0.0329,0.52
0.99814,0.48881,0.93187,2,1,3,1,3,0.34819,0.001,0.226
0.7793,0.3128,0.77076,1,1,3,2,3,0.3429,0.0065,0.006
0.03637,0.61118,0.32658,3,2,2,1,1,0.14365,0.0791,0.503
0.00080862,0.9321,0.68289,2,1,3,3,2,0.036926,0.9998,0.001
0.4776,0.68672,0.17532,3,1,3,2,2,0.29362,0.0197,0.044
0.99617,0.98057,0.74593,1,2,2,2,3,0.099978,0.001,0.386
0.63656,0.92391,0.25352,1,1,2,2,2,0.14318,0.0802,0.035
0.43701,0.68538,0.98611,1,2,3,1,3,0.34489,0.0087,0.652
0.63073,0.55907,0.31957,3,1,3,1,1,0.39785,0.0021,0.305
0.57053,0.34936,0.26631,1,2,2,1,3,0.085437,0.0087,0.692
0.76237,0.35605,0.93825,2,1,2,3,3,0.48724,0.2936,0.001
0.48328,0.40323,0.31499,2,3,1,3,1,0.085688,0.9998,0.074
0.055858,0.35006,0.015676,2,2,2,1,1,0.48684,0.0164,0.516
0.89336,0.98044,0.99407,3,3,1,1,1,0.17339,0.0582,0.836
0.43394,0.33192,0.65547,1,1,3,3,1,0.39052,0.2166,0.001
0.81944,0.37423,0.006074,3,3,2,2,1,0.13752,0.0032,0.826
0.6081,0.6076,0.96129,3,3,2,3,3,0.41145,0.9998,0.046
0.43887,0.57879,0.13731,1,1,2,2,1,0.47638,0.2441,0.011
0.31381,0.96219,0.8545,2,3,1,2,1,0.086766,0.9998,0.251
0.17441,0.80399,0.23201,2,1,3,1,3,0.10357,0.0164,0.375
0.23207,0.91239,0.46014,1,3,2,2,1,0.0015318,0.9998,0.654
0.83158,0.60643,0.50709,2,3,3,1,1,0.092737,0.0021,0.9
0.95406,0.92569,0.84101,1,3,3,2,3,0.34164,0.001,0.644
0.98016,0.51888,0.57175,1,1,2,1,1,0.30583,0.001,0.285
0.62239,0.78161,0.29679,3,2,3,1,1,0.28578,0.0032,0.853
0.96458,0.44056,0.59818,1,3,2,3,2,0.041852,0.0054,0.367
0.86031,0.65063,0.99476,2,3,1,1,3,0.21432,0.0461,0.703
0.75712,0.72642,0.96693,1,2,1,1,1,0.38666,0.0956,0.333
0.10679,0.81443,0.35459,2,2,1,3,1,0.29032,0.9998,0.033
0.0837,0.62774,0.093803,1,3,2,3,3,0.36259,0.9998,0.114
0.29965,0.72131,0.1985,3,1,2,2,3,0.32838,0.8634,0.007
0.32233,0.88151,0.12269,3,2,1,2,2,0.12559,0.9998,0.195
0.41471,0.80784,0.13904,3,2,3,3,1,0.31628,0.0802,0.127
0.9616,0.30572,0.39844,1,3,3,2,2,0.24389,0.001,0.547
0.11913,0.3302,0.16556,2,1,1,2,1,0.25555,0.9998,0.003
0.48221,0.64679,0.31348,3,3,1,1,3,0.16175,0.3497,0.496
0.20703,0.69124,0.6617,3,2,3,1,1,0.46961,0.0175,0.521
0.81032,0.57969,0.65531,1,1,2,1,1,0.28342,0.001,0.285
0.62316,0.8613,0.56116,1,2,1,1,2,0.012402,0.5631,0.694
0.38695,0.34587,0.99859,3,1,3,3,2,0.33052,0.2804,0.001
0.47952,0.93646,0.19378,1,1,1,3,1,0.22399,0.9998,0.001
0.79932,0.95262,0.46972,2,2,2,1,2,0.15315,0.0054,0.861
0.49395,0.36061,0.92684,2,1,1,1,1,0.074238,0.9998,0.02
0.008248,0.56095,0.78831,1,3,3,2,1,0.22364,0.2771,0.165
0.52666,0.74078,0.64656,1,3,2,2,2,0.095915,0.3134,0.308
0.0086685,0.9498,0.52022,3,1,2,1,1,0.23206,0.122,0.148
0.74686,0.76897,0.79559,2,2,1,3,2,0.13627,0.9998,0.028
0.95327,0.80578,0.13425,1,3,1,3,1,0.42655,0.8095,0.116
0.26004,0.31997,0.94797,3,2,2,2,3,0.49808,0.9998,0.017
0.74259,0.77137,0.87398,3,3,2,1,2,0.37913,0.0087,0.889
0.080347,0.90591,0.43537,2,1,2,3,2,0.08604,0.9998,0.001
0.51612,0.51008,0.47832,1,2,2,2,2,0.0031234,0.2958,0.323
0.80466,0.89639,0.11772,1,1,3,2,3,0.32863,0.001,0.118
0.33068,0.74998,0.2174,3,3,2,1,1,0.038455,0.1055,0.9
0.51796,0.79898,0.25987,3,1,3,2,1,0.057343,0.0241,0.055
0.94625,0.58739,0.010334,2,1,1,3,1,0.15503,0.0032,0.243
0.88254,0.37214,0.82356,1,3,2,2,1,0.21359,0.0065,0.359
0.59792,0.93806,0.13299,3,2,3,2,2,0.021084,0.0208,0.548
0.78168,0.52918,0.095263,2,2,3,1,2,0.22084,0.001,0.9
0.62736,0.56152,0.60645,1,3,1,1,2,0.42319,0.2122,0.321
0.34333,0.35504,0.30223,3,2,2,1,3,0.1502,0.023,0.475
0.27094,0.92716,0.20879,1,1,3,2,3,0.48208,0.067,0.026
0.74767,0.88229,0.39447,2,1,3,2,2,0.048318,0.0076,0.045
0.59725,0.99157,0.76235,1,3,3,2,3,0.092808,0.0428,0.577
0.12918,0.50536,0.47688,2,2,3,2,3,0.064791,0.1352,0.177
0.54601,0.46139,0.68676,1,1,3,1,3,0.024541,0.0054,0.291
0.25988,0.88273,0.17513,2,3,2,2,3,0.43992,0.3123,0.289
0.25373,0.84498,0.81078,1,3,3,1,3,0.24898,0.0296,0.858
0.72833,0.87166,0.11622,3,1,1,3,1,0.24428,0.9998,0.003
0.86364,0.94824,0.1911,2,3,1,3,1,0.025176,0.9998,0.284
0.24333,0.71246,0.9389,2,1,3,3,3,0.44775,0.7072,0.001
0.25128,0.60236,0.43065,2,3,3,2,1,0.43762,0.0813,0.231
0.2882,0.46614,0.13966,1,2,1,1,3,0.11037,0.3431,0.331
0.60516,0.97871,0.36465,3,2,2,3,2,0.33222,0.9998,0.04
0.49288,0.445,0.025819,1,3,1,1,3,0.085104,0.0901,0.78
0.42085,0.79262,0.48129,1,3,3,3,3,0.41029,0.2683,0.122
0.033516,0.40647,0.4796,2,3,1,3,1,0.44442,0.9998,0.033
0.081841,0.89704,0.68655,1,3,1,3,1,0.47906,0.9998,0.066
0.02385,0.39011,0.74064,3,2,3,2,3,0.19551,0.2936,0.058
0.68957,0.66427,0.076086,2,2,1,2,1,0.20313,0.9118,0.143
0.72867,0.72979,0.9006,2,2,1,1,2,0.12639,0.1407,0.462
0.71101,0.76276,0.43958,1,1,3,3,3,0.2814,0.0978,0.001
0.55448,0.32083,0.86671,3,3,2,1,2,0.44721,0.012,0.443
0.17059,0.85606,0.8885,2,1,3,3,2,0.071257,0.9998,0.001
0.70698,0.78592,0.26512,3,1,2,1,1,0.16329,0.0043,0.39
0.95189,0.76828,0.47312,1,1,3,1,2,0.32469,0.001,0.333
0.70903,0.68868,0.255,2,1,3,2,2,0.0376,0.0065,0.064
0.32381,0.60169,0.7649,2,3,2,2,2,0.49823,0.9998,0.089
0.56298,0.46162,0.14476,1,3,1,1,2,0.33855,0.089,0.452
0.7764,0.77964,0.31949,2,2,3,2,2,0.41607,0.0032,0.393
0.84042,0.53625,0.42944,2,2,1,3,1,0.39689,0.9998,0.016
0.69835,0.47998,0.6909,1,2,3,2,1,0.18159,0.0076,0.241
0.03093,0.73883,0.937,2,1,3,2,1,0.15997,0.9998,0.002
0.97861,0.50427,0.59234,3,1,1,2,2,0.28568,0.5609,0.002
0.039699,0.86114,0.40642,2,2,1,1,3,0.41501,0.9998,0.214
0.50882,0.69738,0.30919,3,2,1,3,2,0.37357,0.9998,0.028
0.050239,0.58175,0.96519,2,3,2,3,3,0.20719,0.9998,0.059
0.74167,0.8178,0.44479,1,2,3,3,2,0.4252,0.023,0.099
0.12772,0.67388,0.056697,2,3,3,1,1,0.23429,0.023,0.895
0.18302,0.97285,0.75626,3,3,3,2,1,0.47518,0.1572,0.253
0.27956,0.41933,0.6771,3,1,1,1,1,0.45121,0.9998,0.011
0.68308,0.59501,0.65934,2,1,3,2,3,0.31671,0.0164,0.011
0.73748,0.78053,0.95573,2,1,2,3,2,0.15395,0.9998,0.001
0.36551,0.59502,0.4622,2,2,1,2,2,0.15722,0.9998,0.075
0.74821,0.51765,0.0077053,1,1,1,3,2,0.30781,0.0318,0.159
0.58238,0.66526,0.4546,2,2,3,1,2,0.48335,0.0032,0.751
0.83816,0.5766,0.43734,1,2,2,1,2,0.042441,0.0032,0.875
0.66784,0.81269,0.63101,2,3,1,1,1,0.2341,0.2023,0.535
0.67403,0.77622,0.93012,1,2,2,2,1,0.41441,0.1341,0.102
0.30063,0.49213,0.58645,1,3,1,1,1,0.19828,0.9998,0.208
0.67955,0.82506,0.01489,1,2,1,3,1,0.071123,0.7985,0.279
0.803,0.55091,0.025334,1,3,1,2,2,0.10929,0.1319,0.521
0.97143,0.8171,0.013858,3,2,3,3,1,0.33956,0.001,0.55
0.23347,0.39941,0.53017,2,1,1,1,2,0.46515,0.9998,0.011
0.66336,0.65508,0.4858,2,3,1,1,1,0.43085,0.1308,0.414
0.58619,0.87571,0.92684,3,3,1,3,3,0.31878,0.9998,0.077
0.79479,0.61978,0.49421,1,1,1,3,2,0.21286,0.9998,0.001
0.2455,0.79304,0.77461,3,3,2,1,1,0.41133,0.0648,0.585
0.38108,0.61724,0.50056,3,1,3,2,1,0.27029,0.1088,0.007
0.59309,0.81711,0.37264,2,1,3,3,2,0.22664,0.2364,0.001
0.55377,0.32886,0.8022,2,3,2,2,2,0.33576,0.3068,0.084
0.63474,0.81403,0.88733,1,1,3,2,2,0.33295,0.0318,0.009
0.67838,0.34118,0.22395,1,3,2,2,2,0.083991,0.0384,0.368
0.22507,0.49893,0.91376,3,2,3,3,1,0.11455,0.9998,0.016
0.7273,0.3136,0.58375,1,3,2,3,3,0.46044,0.9998,0.026
0.12674,0.82411,0.31467,1,2,3,1,2,0.093587,0.0318,0.802
0.53088,0.4322,0.49302,3,3,3,3,3,0.27977,0.1473,0.094
0.54776,0.80221,0.20251,3,1,2,3,2,0.32188,0.9998,0.001
0.83319,0.84262,0.78814,1,2,2,1,3,0.18681,0.0032,0.831
0.73878,0.33869,0.75716,1,2,2,3,1,0.23174,0.9998,0.008
0.31439,0.72426,0.67747,1,3,1,1,1,0.49382,0.9998,0.209
0.21662,0.74039,0.014869,3,3,1,3,2,0.02165,0.9998,0.476
0.38979,0.88629,0.74842,1,1,3,2,3,0.29193,0.1352,0.007
0.25915,0.53509,0.37511,1,2,2,2,1,0.07313,0.6203,0.109
0.26803,0.8428,0.60921,1,1,3,2,3,0.0089844,0.1858,0.025
0.63134,0.71023,0.22741,3,1,3,3,2,0.39233,0.0868,0.002
0.23729,0.68167,0.10769,1,3,1,2,2,0.068578,0.9998,0.322
0.98049,0.52866,0.21962,1,1,3,2,3,0.25911,0.001,0.065
0.71941,0.54047,0.0092739,2,3,1,3,2,0.096223,0.3497,0.391
0.88135,0.31728,0.34121,2,1,2,1,3,0.2107,0.001,0.287
0.39131,0.51951,0.55331,1,1,1,3,3,0.39602,0.9998,0.001
0.017962,0.32059,0.71145,3,3,3,1,3,0.26921,0.0307,0.422
0.98977,0.34936,0.060024,2,2,1,1,1,0.33079,0.001,0.842
0.26903,0.60379,0.40181,2,1,2,3,3,0.30407,0.9998,0.001
0.99374,0.53867,0.89955,3,3,1,1,2,0.11874,0.0021,0.9
0.35812,0.83792,0.78436,1,3,3,2,2,0.014459,0.1704,0.572
0.15825,0.73167,0.30872,1,1,3,2,3,0.042539,0.1341,0.03
0.067446,0.75744,0.24429,3,2,1,1,2,0.37896,0.9998,0.208
0.27091,0.34637,0.33349,1,2,1,1,1,0.024953,0.9459,0.233
0.37763,0.96609,0.7424,1,1,3,1,2,0.44355,0.0098,0.221
0.17248,0.95702,0.034482,2,3,2,1,1,0.43978,0.0472,0.869
0.36021,0.68962,0.88872,2,3,2,2,3,0.42008,0.9294,0.114
0.87651,0.65149,0.57027,1,2,3,1,3,0.42574,0.001,0.822
0.50987,0.35503,0.055899,3,3,2,2,1,0.31749,0.0307,0.329
0.64269,0.49014,0.10675,2,1,2,2,3,0.030257,0.0263,0.095
0.082159,0.34884,0.12089,2,3,1,2,2,0.33893,0.9998,0.092
0.55197,0.81958,0.82463,1,1,1,3,2,0.1967,0.9998,0.001
0.38428,0.64387,0.77416,1,1,3,3,1,0.073906,0.6742,0.001
0.080568,0.3553,0.92743,2,1,3,2,1,0.10236,0.9778,0.001
0.61247,0.68893,0.90645,3,2,3,2,1,0.10061,0.0208,0.265
0.2149,0.31081,0.21004,3,2,3,3,3,0.26823,0.3783,0.024
0.0028969,0.51764,0.48522,1,3,3,2,2,0.13108,0.2111,0.241
0.064245,0.73841,0.94828,3,3,2,1,3,0.2582,0.133,0.565
0.82679,0.39683,0.43775,3,1,2,3,1,0.43764,0.1814,0.001
0.025784,0.89253,0.014863,3,2,2,1,1,0.27521,0.045,0.847
0.9165,0.84759,0.10105,1,2,2,3,1,0.14055,0.0054,0.317
0.66206,0.84117,0.93198,3,1,3,1,3,0.088442,0.0032,0.275
0.11513,0.41758,0.97251,1,3,2,1,1,0.143,0.0978,0.41
0.3106,0.75766,0.39183,2,3,1,3,2,0.059668,0.9998,0.157
0.86289,0.48751,0.53868,3,2,2,1,1,0.27573,0.001,0.809
0.37819,0.47204,0.67618,3,1,1,1,2,0.13065,0.9998,0.026
0.80699,0.91655,0.15998,3,2,2,2,2,0.044588,0.0197,0.514
0.99402,0.76687,0.61715,1,2,2,3,1,0.073943,0.001,0.167
0.25519,0.97102,0.18189,1,2,1,3,1,0.39923,0.9998,0.051
0.60738,0.75175,0.87442,1,1,3,1,1,0.44866,0.0032,0.223
0.090721,0.44015,0.77829,1,3,3,2,1,0.20364,0.2122,0.147
0.54537,0.97282,0.075495,3,1,3,1,3,0.46692,0.0021,0.539
0.59644,0.54296,0.21763,2,1,3,2,2,0.018921,0.0131,0.069
0.38781,0.88604,0.76632,1,2,3,2,2,0.062792,0.0758,0.282
0.6216,0.93814,0.60613,1,2,2,1,2,0.24267,0.0142,0.771
0.99201,0.92731,0.74158,2,3,2,2,3,0.33237,0.001,0.654
0.94207,0.96427,0.10644,3,2,2,1,3,0.028988,0.001,0.9
0.60744,0.33926,0.6581,1,2,1,1,1,0.28791,0.5048,0.097
0.44568,0.31233,0.68171,1,1,2,1,3,0.44042,0.0428,0.034
0.93485,0.83853,0.40475,1,3,1,1,2,0.35891,0.0153,0.896
0.71481,0.39952,0.69292,2,2,3,2,3,0.19682,0.0065,0.222
0.31454,0.89842,0.0090151,1,2,2,1,2,0.10129,0.0428,0.9
0.57108,0.86927,0.08618,3,1,1,2,3,0.096069,0.9998,0.036
0.16059,0.81655,0.75704,2,1,3,2,3,0.44066,0.4355,0.003
0.36188,0.73792,0.93883,2,1,1,1,2,0.14345,0.9998,0.041
0.78088,0.39152,0.46148,1,3,3,1,1,0.22008,0.001,0.9
0.44107,0.48977,0.94411,2,1,2,1,1,0.25832,0.0362,0.079
0.022451,0.79611,0.60515,2,1,2,3,1,0.20684,0.9998,0.001
0.70365,0.78625,0.0045936,3,2,3,2,3,0.27011,0.0021,0.807
0.86275,0.30346,0.12508,2,2,2,1,2,0.38754,0.001,0.746
0.015898,0.51798,0.19277,1,1,1,3,2,0.13773,0.9998,0.001
0.76454,0.3844,0.38433,1,3,3,3,3,0.013962,0.0252,0.362
0.41888,0.71567,0.27698,1,1,1,1,2,0.29641,0.9998,0.048
0.52417,0.88896,0.30641,2,1,1,1,1,0.09558,0.3057,0.174
0.24174,0.82039,0.156,1,3,1,2,1,0.41159,0.9998,0.178
0.03014,0.83266,0.89618,1,3,2,1,3,0.30944,0.1462,0.576
0.091452,0.41755,0.94225,3,2,3,1,1,0.42472,0.0263,0.284
0.64536,0.89959,0.85338,1,2,1,1,1,0.24702,0.2628,0.358
0.32979,0.48781,0.21592,3,1,3,3,1,0.38351,0.4245,0.001
0.51747,0.31286,0.41931,2,1,1,3,3,0.061043,0.9998,0.001
0.90882,0.31168,0.95929,3,1,3,3,3,0.037626,0.0065,0.001
0.12908,0.40863,0.26881,1,2,3,2,1,0.21694,0.0923,0.12
0.034271,0.57914,0.97945,2,2,2,2,1,0.27138,0.9998,0.041
0.39441,0.91763,0.42567,3,1,1,3,3,0.23319,0.9998,0.001
0.13002,0.64757,0.25966,2,2,3,1,3,0.29583,0.0197,0.651
0.29141,0.39603,0.18893,1,3,1,1,2,0.47831,0.5653,0.173
0.30958,0.45678,0.69529,1,1,2,1,1,0.35012,0.0681,0.053
0.44635,0.56837,0.59536,3,2,2,2,3,0.15252,0.4256,0.092
0.43003,0.73474,0.27907,1,2,1,2,3,0.23902,0.9998,0.098
0.53214,0.82077,0.83573,1,3,3,1,1,0.36033,0.0087,0.896
0.18705,0.80742,0.88355,3,1,1,3,2,0.39901,0.9998,0.001
0.21534,0.80171,0.86267,3,2,1,2,3,0.23563,0.9998,0.072
0.32139,0.56516,0.71897,2,3,2,3,2,0.096532,0.9998,0.082
0.43866,0.79543,0.52965,2,1,1,3,2,0.32621,0.9998,0.001
0.91655,0.60283,0.427,3,2,2,2,1,0.014643,0.0054,0.436
0.76933,0.836,0.54077,2,3,1,3,1,0.084659,0.9998,0.129
0.46885,0.71742,0.72346,3,1,1,2,2,0.20406,0.9998,0.002
0.1271,0.35705,0.28946,2,2,1,2,2,0.33841,0.9998,0.036
0.33607,0.98947,0.75166,2,2,1,1,2,0.32327,0.9998,0.242
0.164,0.76102,0.25562,3,2,2,3,1,0.078802,0.9998,0.062
0.98167,0.4793,0.61917,1,1,1,1,3,0.48591,0.001,0.24
0.55222,0.40434,0.25855,2,1,2,2,1,0.26436,0.3761,0.004
0.46236,0.50132,0.92637,3,3,2,3,3,0.24816,0.9998,0.047
0.46637,0.56183,0.75462,3,1,1,1,2,0.2278,0.9998,0.024
0.88797,0.74714,0.010954,3,3,3,1,3,0.48863,0.001,0.9
